﻿Designator,Quantity,Value,Footprint,Package,MPN,DNP,Mount_Type,Description,Sim.Library,Sim.Name,Sim.Pins
BT1,1,Battery_Box,PinHeader_1x02_P2.54mm_Vertical,,,,tht,Single-cell battery,./,<unknown>,
"D1, D3, D5",3,RED,LED_D3.0mm,,,,tht,Light emitting diode,,,1=K 2=A
"D2, D4, D6",3,YELLOW,LED_D3.0mm,,,,tht,Light emitting diode,,,1=K 2=A
"R1, R2, R3, R4, R5, R6",6,| 200Ω,R_Axial_DIN0207_L6.3mm_D2.5mm_P7.62mm_Horizontal,,,,tht,Resistor,,,
U1,1,ATtiny85-20P,DIP-8_W7.62mm,,,,tht,"20MHz, 8kB Flash, 512B SRAM, 512B EEPROM, debugWIRE, DIP-8",,,
