﻿pos_x,pos_y,rotation,side,designator,mpn,pack,footprint,value,mount_type
147.0,-89.0,-90.0,top,BT1,,,PinHeader_1x02_P2.54mm_Vertical,Battery_Box,tht
154.96,-86.0,0.0,top,D1,,,LED_D3.0mm,RED,tht
162.73,-79.0,0.0,top,D2,,,LED_D3.0mm,YELLOW,tht
154.73,-72.0,0.0,top,D3,,,LED_D3.0mm,RED,tht
126.46,-79.0,0.0,top,D4,,,LED_D3.0mm,YELLOW,tht
137.04,-86.0,180.0,top,D5,,,LED_D3.0mm,RED,tht
134.46,-72.0,0.0,top,D6,,,LED_D3.0mm,YELLOW,tht
152.38,-82.0,0.0,top,R1,,,R_Axial_DIN0207_L6.3mm_D2.5mm_P7.62mm_Horizontal,| 200Ω,tht
152.38,-79.0,0.0,top,R2,,,R_Axial_DIN0207_L6.3mm_D2.5mm_P7.62mm_Horizontal,| 200Ω,tht
152.38,-76.0,0.0,top,R3,,,R_Axial_DIN0207_L6.3mm_D2.5mm_P7.62mm_Horizontal,| 200Ω,tht
139.5,-79.0,180.0,top,R4,,,R_Axial_DIN0207_L6.3mm_D2.5mm_P7.62mm_Horizontal,| 200Ω,tht
139.5,-82.0,180.0,top,R5,,,R_Axial_DIN0207_L6.3mm_D2.5mm_P7.62mm_Horizontal,| 200Ω,tht
139.5,-76.0,180.0,top,R6,,,R_Axial_DIN0207_L6.3mm_D2.5mm_P7.62mm_Horizontal,| 200Ω,tht
142.16,-75.27,0.0,top,U1,,,DIP-8_W7.62mm,ATtiny85-20P,tht
